location,date,vaccine,total_vaccinations
United States,1/12/2021,Moderna,3835859
United States,1/12/2021,Pfizer/BioNTech,5488697
United States,1/13/2021,Moderna,4249795
United States,1/13/2021,Pfizer/BioNTech,6025872
United States,1/15/2021,Moderna,5122662
United States,1/15/2021,Pfizer/BioNTech,7153268
United States,1/19/2021,Moderna,6828561
United States,1/19/2021,Pfizer/BioNTech,8874811
United States,1/20/2021,Moderna,7239750
United States,1/20/2021,Pfizer/BioNTech,9281063
United States,1/21/2021,Moderna,7724683
United States,1/21/2021,Pfizer/BioNTech,9817027
United States,1/22/2021,Moderna,8407909
United States,1/22/2021,Pfizer/BioNTech,10695066
United States,1/23/2021,Moderna,9061112
United States,1/23/2021,Pfizer/BioNTech,11471457
United States,1/24/2021,Moderna,9689497
United States,1/24/2021,Pfizer/BioNTech,12153536
United States,1/25/2021,Moderna,10084432
United States,1/25/2021,Pfizer/BioNTech,12551999
United States,1/26/2021,Moderna,10431466
United States,1/26/2021,Pfizer/BioNTech,13009981
United States,1/27/2021,Moderna,11001991
United States,1/27/2021,Pfizer/BioNTech,13550835
United States,1/28/2021,Moderna,11737592
United States,1/28/2021,Pfizer/BioNTech,14355980
United States,1/29/2021,Moderna,12619210
United States,1/29/2021,Pfizer/BioNTech,15164858
United States,1/30/2021,Moderna,13499942
United States,1/30/2021,Pfizer/BioNTech,15977015
United States,1/31/2021,Moderna,14246089
United States,1/31/2021,Pfizer/BioNTech,16775916
United States,2/1/2021,Moderna,14756609
United States,2/1/2021,Pfizer/BioNTech,17364398
United States,2/2/2021,Moderna,15006565
United States,2/2/2021,Pfizer/BioNTech,17672866
United States,2/3/2021,Moderna,15567188
United States,2/3/2021,Pfizer/BioNTech,18209204
United States,2/4/2021,Moderna,16260102
United States,2/4/2021,Pfizer/BioNTech,18841309
United States,2/5/2021,Moderna,17133644
United States,2/5/2021,Pfizer/BioNTech,19582865
United States,2/6/2021,Moderna,18336515
United States,2/6/2021,Pfizer/BioNTech,20598212
United States,2/7/2021,Moderna,19485089
United States,2/7/2021,Pfizer/BioNTech,21622193
United States,2/8/2021,Moderna,20066305
United States,2/8/2021,Pfizer/BioNTech,22247484
United States,2/9/2021,Moderna,20416765
United States,2/9/2021,Pfizer/BioNTech,22685406
United States,2/10/2021,Moderna,21189540
United States,2/10/2021,Pfizer/BioNTech,23475749
United States,2/11/2021,Moderna,22038088
United States,2/11/2021,Pfizer/BioNTech,24246868
United States,2/12/2021,Moderna,23111715
United States,2/12/2021,Pfizer/BioNTech,25192628
United States,2/13/2021,Moderna,24297615
United States,2/13/2021,Pfizer/BioNTech,26237417
United States,2/14/2021,Moderna,25505313
United States,2/14/2021,Pfizer/BioNTech,27271797
United States,2/16/2021,Moderna,26738383
United States,2/16/2021,Pfizer/BioNTech,28374410
United States,2/17/2021,Moderna,27287041
United States,2/17/2021,Pfizer/BioNTech,28886690
United States,2/18/2021,Moderna,28043413
United States,2/18/2021,Pfizer/BioNTech,29585627
United States,2/19/2021,Moderna,29044336
United States,2/19/2021,Pfizer/BioNTech,30431247
United States,2/20/2021,Moderna,29909492
United States,2/20/2021,Pfizer/BioNTech,31270062
United States,2/21/2021,Moderna,30747615
United States,2/21/2021,Pfizer/BioNTech,32232422
United States,2/22/2021,Moderna,31212925
United States,2/22/2021,Pfizer/BioNTech,32853883
United States,2/23/2021,Moderna,31569021
United States,2/23/2021,Pfizer/BioNTech,33352170
United States,2/24/2021,Moderna,32194245
United States,2/24/2021,Pfizer/BioNTech,34159027
United States,2/25/2021,Moderna,33066503
United States,2/25/2021,Pfizer/BioNTech,35095003
United States,2/26/2021,Moderna,34181226
United States,2/26/2021,Pfizer/BioNTech,36159403
United States,2/27/2021,Moderna,35422721
United States,2/27/2021,Pfizer/BioNTech,37269195
United States,2/28/2021,Moderna,36694414
United States,2/28/2021,Pfizer/BioNTech,38426567
United States,3/1/2021,Moderna,37522293
United States,3/1/2021,Pfizer/BioNTech,39262524
United States,3/2/2021,Moderna,38319678
United States,3/2/2021,Pfizer/BioNTech,40196532
United States,3/3/2021,Moderna,39248180
United States,3/3/2021,Pfizer/BioNTech,41175807
United States,3/4/2021,Moderna,40261524
United States,3/4/2021,Pfizer/BioNTech,42193285
United States,3/5/2021,Moderna,41507728
United States,3/5/2021,Pfizer/BioNTech,43373717
United States,3/6/2021,Moderna,42977312
United States,3/6/2021,Pfizer/BioNTech,44774584
United States,3/7/2021,Moderna,44195607
United States,3/7/2021,Pfizer/BioNTech,45932122
United States,3/8/2021,Johnson&Johnson,208590
United States,3/8/2021,Moderna,44936695
United States,3/8/2021,Pfizer/BioNTech,46824290
United States,3/9/2021,Johnson&Johnson,308181
United States,3/9/2021,Moderna,45635740
United States,3/9/2021,Pfizer/BioNTech,47628226
United States,3/10/2021,Johnson&Johnson,458911
United States,3/10/2021,Moderna,46535646
United States,3/10/2021,Pfizer/BioNTech,48605159
United States,3/11/2021,Johnson&Johnson,638469
United States,3/11/2021,Moderna,47733656
United States,3/11/2021,Pfizer/BioNTech,49708920
United States,3/12/2021,Johnson&Johnson,873726
United States,3/12/2021,Moderna,49169578
United States,3/12/2021,Pfizer/BioNTech,50960400
United States,3/13/2021,Johnson&Johnson,1189207
United States,3/13/2021,Moderna,51292130
United States,3/13/2021,Pfizer/BioNTech,53096054
United States,3/14/2021,Johnson&Johnson,1273958
United States,3/14/2021,Moderna,51951820
United States,3/14/2021,Pfizer/BioNTech,53708091
United States,3/15/2021,Johnson&Johnson,1428465
United States,3/15/2021,Moderna,52883263
United States,3/15/2021,Pfizer/BioNTech,54643581
United States,3/16/2021,Johnson&Johnson,1569675
United States,3/16/2021,Moderna,53647312
United States,3/16/2021,Pfizer/BioNTech,55393141
United States,3/17/2021,Johnson&Johnson,1766131
United States,3/17/2021,Moderna,54643195
United States,3/17/2021,Pfizer/BioNTech,56499018
United States,3/18/2021,Johnson&Johnson,1911052
United States,3/18/2021,Moderna,55811286
United States,3/18/2021,Pfizer/BioNTech,57876875
United States,3/19/2021,Johnson&Johnson,2025349
United States,3/19/2021,Moderna,56941640
United States,3/19/2021,Pfizer/BioNTech,59214724
United States,3/20/2021,Johnson&Johnson,2163681
United States,3/20/2021,Moderna,58294583
United States,3/20/2021,Pfizer/BioNTech,60849627
United States,3/21/2021,Johnson&Johnson,2298614
United States,3/21/2021,Moderna,59518840
United States,3/21/2021,Pfizer/BioNTech,62529418
United States,3/22/2021,Johnson&Johnson,2406337
United States,3/22/2021,Moderna,60275003
United States,3/22/2021,Pfizer/BioNTech,63693721
United States,3/23/2021,Johnson&Johnson,2489153
United States,3/23/2021,Moderna,60913292
United States,3/23/2021,Pfizer/BioNTech,64679659
United States,3/24/2021,Johnson&Johnson,2622182
United States,3/24/2021,Moderna,61719260
United States,3/24/2021,Pfizer/BioNTech,65995871
United States,3/25/2021,Johnson&Johnson,2734367
United States,3/25/2021,Moderna,62877755
United States,3/25/2021,Pfizer/BioNTech,67555076
United States,3/26/2021,Johnson&Johnson,2863246
United States,3/26/2021,Moderna,64313721
United States,3/26/2021,Pfizer/BioNTech,69368232
United States,3/27/2021,Johnson&Johnson,2982453
United States,3/27/2021,Moderna,65811340
United States,3/27/2021,Pfizer/BioNTech,71246219
United States,3/28/2021,Johnson&Johnson,3090712
United States,3/28/2021,Moderna,67249447
United States,3/28/2021,Pfizer/BioNTech,72981111
United States,3/29/2021,Johnson&Johnson,3155418
United States,3/29/2021,Moderna,68177850
United States,3/29/2021,Pfizer/BioNTech,74338025
United States,3/30/2021,Johnson&Johnson,3215657
United States,3/30/2021,Moderna,68858013
United States,3/30/2021,Pfizer/BioNTech,75386890
United States,3/31/2021,Johnson&Johnson,3307113
United States,3/31/2021,Moderna,69930956
United States,3/31/2021,Pfizer/BioNTech,76891912
United States,4/1/2021,Johnson&Johnson,3429880
United States,4/1/2021,Moderna,71338865
United States,4/1/2021,Pfizer/BioNTech,78717917
United States,4/2/2021,Johnson&Johnson,3617377
United States,4/2/2021,Moderna,72997571
United States,4/2/2021,Pfizer/BioNTech,80845236
United States,4/3/2021,Johnson&Johnson,3840647
United States,4/3/2021,Moderna,74713387
United States,4/3/2021,Pfizer/BioNTech,82986550
United States,4/4/2021,Johnson&Johnson,4054089
United States,4/4/2021,Moderna,76038933
United States,4/4/2021,Pfizer/BioNTech,84810406
United States,4/5/2021,Johnson&Johnson,4204015
United States,4/5/2021,Moderna,76791212
United States,4/5/2021,Pfizer/BioNTech,86041963
United States,4/6/2021,Johnson&Johnson,4299901
United States,4/6/2021,Moderna,77285350
United States,4/6/2021,Pfizer/BioNTech,86855993
United States,4/7/2021,Johnson&Johnson,4544552
United States,4/7/2021,Moderna,78315776
United States,4/7/2021,Pfizer/BioNTech,88463874
United States,4/8/2021,Johnson&Johnson,4917225
United States,4/8/2021,Moderna,79551820
United States,4/8/2021,Pfizer/BioNTech,90256586
United States,4/9/2021,Johnson&Johnson,5382365
United States,4/9/2021,Moderna,80944104
United States,4/9/2021,Pfizer/BioNTech,92355733
United States,4/10/2021,Johnson&Johnson,5972101
United States,4/10/2021,Moderna,82622178
United States,4/10/2021,Pfizer/BioNTech,94715143
United States,4/11/2021,Johnson&Johnson,6453740
United States,4/11/2021,Moderna,83847244
United States,4/11/2021,Pfizer/BioNTech,96586783
United States,4/12/2021,Johnson&Johnson,6859877
United States,4/12/2021,Moderna,84694388
United States,4/12/2021,Pfizer/BioNTech,97978125
United States,4/13/2021,Johnson&Johnson,7233726
United States,4/13/2021,Moderna,85435687
United States,4/13/2021,Pfizer/BioNTech,99453295
United States,4/14/2021,Johnson&Johnson,7517671
United States,4/14/2021,Moderna,86221076
United States,4/14/2021,Pfizer/BioNTech,100891617
United States,4/15/2021,Johnson&Johnson,7736781
United States,4/15/2021,Moderna,87539652
United States,4/15/2021,Pfizer/BioNTech,102877491
United States,4/16/2021,Johnson&Johnson,7848027
United States,4/16/2021,Moderna,89199649
United States,4/16/2021,Pfizer/BioNTech,105070417
United States,4/17/2021,Johnson&Johnson,7902746
United States,4/17/2021,Moderna,90718986
United States,4/17/2021,Pfizer/BioNTech,107083884
United States,4/18/2021,Johnson&Johnson,7935549
United States,4/18/2021,Moderna,92181455
United States,4/18/2021,Pfizer/BioNTech,109122092
United States,4/19/2021,Johnson&Johnson,7949021
United States,4/19/2021,Moderna,93002433
United States,4/19/2021,Pfizer/BioNTech,110461905
United States,4/20/2021,Johnson&Johnson,7961251
United States,4/20/2021,Moderna,93672874
United States,4/20/2021,Pfizer/BioNTech,111585824
United States,4/21/2021,Johnson&Johnson,7993255
United States,4/21/2021,Moderna,94684047
United States,4/21/2021,Pfizer/BioNTech,113104771
United States,4/22/2021,Johnson&Johnson,8018365
United States,4/22/2021,Moderna,95913701
United States,4/22/2021,Pfizer/BioNTech,114844028
United States,4/23/2021,Johnson&Johnson,8040727
United States,4/23/2021,Moderna,97353734
United States,4/23/2021,Pfizer/BioNTech,116754631
United States,4/24/2021,Johnson&Johnson,8058239
United States,4/24/2021,Moderna,98778973
United States,4/24/2021,Pfizer/BioNTech,118628496
United States,4/25/2021,Johnson&Johnson,8079863
United States,4/25/2021,Moderna,100031926
United States,4/25/2021,Pfizer/BioNTech,120373717
United States,4/26/2021,Johnson&Johnson,8087269
United States,4/26/2021,Moderna,100830533
United States,4/26/2021,Pfizer/BioNTech,121674501
United States,4/27/2021,Johnson&Johnson,8097650
United States,4/27/2021,Moderna,101463903
United States,4/27/2021,Pfizer/BioNTech,122669679
United States,4/28/2021,Johnson&Johnson,8124392
United States,4/28/2021,Moderna,102356935
United States,4/28/2021,Pfizer/BioNTech,123980028
United States,4/29/2021,Johnson&Johnson,8166410
United States,4/29/2021,Moderna,103474188
United States,4/29/2021,Pfizer/BioNTech,125540172
United States,4/30/2021,Johnson&Johnson,8231139
United States,4/30/2021,Moderna,104613893
United States,4/30/2021,Pfizer/BioNTech,127133399
United States,5/1/2021,Johnson&Johnson,8318546
United States,5/1/2021,Moderna,105947940
United States,5/1/2021,Pfizer/BioNTech,129013657
United States,5/2/2021,Johnson&Johnson,8374395
United States,5/2/2021,Moderna,106780082
United States,5/2/2021,Pfizer/BioNTech,130252779
United States,5/3/2021,Johnson&Johnson,8409505
United States,5/3/2021,Moderna,107155797
United States,5/3/2021,Pfizer/BioNTech,131030537
United States,5/4/2021,Johnson&Johnson,8449067
United States,5/4/2021,Moderna,107477821
United States,5/4/2021,Pfizer/BioNTech,131657484
United States,5/5/2021,Johnson&Johnson,8516437
United States,5/5/2021,Moderna,108142826
United States,5/5/2021,Pfizer/BioNTech,132721153
United States,5/6/2021,Johnson&Johnson,8627243
United States,5/6/2021,Moderna,109041458
United States,5/6/2021,Pfizer/BioNTech,134116885
United States,5/7/2021,Johnson&Johnson,8739657
United States,5/7/2021,Moderna,110124671
United States,5/7/2021,Pfizer/BioNTech,135725061
United States,5/8/2021,Johnson&Johnson,8844369
United States,5/8/2021,Moderna,111094349
United States,5/8/2021,Pfizer/BioNTech,137216849
United States,5/9/2021,Johnson&Johnson,8933802
United States,5/9/2021,Moderna,111933191
United States,5/9/2021,Pfizer/BioNTech,138657097
United States,5/10/2021,Johnson&Johnson,9038423
United States,5/10/2021,Moderna,112529278
United States,5/10/2021,Pfizer/BioNTech,139838655
United States,5/11/2021,Johnson&Johnson,9188411
United States,5/11/2021,Moderna,112990115
United States,5/11/2021,Pfizer/BioNTech,140760689
United States,5/12/2021,Johnson&Johnson,9266062
United States,5/12/2021,Moderna,113582961
United States,5/12/2021,Pfizer/BioNTech,141636737
United States,5/13/2021,Johnson&Johnson,9352742
United States,5/13/2021,Moderna,114354242
United States,5/13/2021,Pfizer/BioNTech,142692755
United States,5/14/2021,Johnson&Johnson,9431604
United States,5/14/2021,Moderna,115127784
United States,5/14/2021,Pfizer/BioNTech,143680891
United States,5/15/2021,Johnson&Johnson,9558399
United States,5/15/2021,Moderna,116066454
United States,5/15/2021,Pfizer/BioNTech,145007116
United States,5/16/2021,Johnson&Johnson,9637126
United States,5/16/2021,Moderna,116798390
United States,5/16/2021,Pfizer/BioNTech,146288690
United States,5/17/2021,Johnson&Johnson,9697720
United States,5/17/2021,Moderna,117247242
United States,5/17/2021,Pfizer/BioNTech,147265442
United States,5/18/2021,Johnson&Johnson,9751200
United States,5/18/2021,Moderna,117620781
United States,5/18/2021,Pfizer/BioNTech,147961277
United States,5/19/2021,Johnson&Johnson,9836616
United States,5/19/2021,Moderna,118181211
United States,5/19/2021,Pfizer/BioNTech,149068615
United States,5/20/2021,Johnson&Johnson,9944636
United States,5/20/2021,Moderna,118904886
United States,5/20/2021,Pfizer/BioNTech,150342238
United States,5/21/2021,Johnson&Johnson,10051548
United States,5/21/2021,Moderna,119668669
United States,5/21/2021,Pfizer/BioNTech,151668003
United States,5/22/2021,Johnson&Johnson,10163242
United States,5/22/2021,Moderna,120493252
United States,5/22/2021,Pfizer/BioNTech,153075845
United States,5/23/2021,Johnson&Johnson,10265423
United States,5/23/2021,Moderna,121125577
United States,5/23/2021,Pfizer/BioNTech,154119424
United States,5/24/2021,Johnson&Johnson,10323402
United States,5/24/2021,Moderna,121500687
United States,5/24/2021,Pfizer/BioNTech,154856445
United States,5/25/2021,Johnson&Johnson,10381859
United States,5/25/2021,Moderna,121801185
United States,5/25/2021,Pfizer/BioNTech,155394989
United States,5/26/2021,Johnson&Johnson,10463078
United States,5/26/2021,Moderna,122339269
United States,5/26/2021,Pfizer/BioNTech,156197160
United States,5/27/2021,Johnson&Johnson,10539494
United States,5/27/2021,Moderna,122947136
United States,5/27/2021,Pfizer/BioNTech,157023465
United States,5/28/2021,Johnson&Johnson,10621136
United States,5/28/2021,Moderna,123479196
United States,5/28/2021,Pfizer/BioNTech,157783315
United States,5/29/2021,Johnson&Johnson,10710816
United States,5/29/2021,Moderna,124067556
United States,5/29/2021,Pfizer/BioNTech,158708623
United States,5/30/2021,Johnson&Johnson,10776617
United States,5/30/2021,Moderna,124520914
United States,5/30/2021,Pfizer/BioNTech,159412031
United States,6/1/2021,Johnson&Johnson,10858664
United States,6/1/2021,Moderna,125016707
United States,6/1/2021,Pfizer/BioNTech,160309262
United States,6/2/2021,Johnson&Johnson,10889478
United States,6/2/2021,Moderna,125201557
United States,6/2/2021,Pfizer/BioNTech,160601395
United States,6/3/2021,Johnson&Johnson,10939901
United States,6/3/2021,Moderna,125508313
United States,6/3/2021,Pfizer/BioNTech,161050513
United States,6/4/2021,Johnson&Johnson,11014773
United States,6/4/2021,Moderna,125990795
United States,6/4/2021,Pfizer/BioNTech,161890897
United States,6/5/2021,Johnson&Johnson,11077735
United States,6/5/2021,Moderna,126359399
United States,6/5/2021,Pfizer/BioNTech,162606119
United States,6/6/2021,Johnson&Johnson,11143068
United States,6/6/2021,Moderna,126756059
United States,6/6/2021,Pfizer/BioNTech,163512789
United States,6/7/2021,Johnson&Johnson,11194685
United States,6/7/2021,Moderna,127058512
United States,6/7/2021,Pfizer/BioNTech,164371746
United States,6/8/2021,Johnson&Johnson,11245388
United States,6/8/2021,Moderna,127310797
United States,6/8/2021,Pfizer/BioNTech,165140239
United States,6/9/2021,Johnson&Johnson,11296014
United States,6/9/2021,Moderna,127513151
United States,6/9/2021,Pfizer/BioNTech,165715523
United States,6/10/2021,Johnson&Johnson,11346781
United States,6/10/2021,Moderna,127759347
United States,6/10/2021,Pfizer/BioNTech,166351326
United States,6/11/2021,Johnson&Johnson,11383522
United States,6/11/2021,Moderna,127990366
United States,6/11/2021,Pfizer/BioNTech,166905188
United States,6/12/2021,Johnson&Johnson,11457011
United States,6/12/2021,Moderna,128444425
United States,6/12/2021,Pfizer/BioNTech,167978845
United States,6/13/2021,Johnson&Johnson,11517956
United States,6/13/2021,Moderna,128785935
United States,6/13/2021,Pfizer/BioNTech,168784549
United States,6/14/2021,Johnson&Johnson,11606202
United States,6/14/2021,Moderna,129191765
United States,6/14/2021,Pfizer/BioNTech,169612045
United States,6/15/2021,Johnson&Johnson,11666437
United States,6/15/2021,Moderna,129501089
United States,6/15/2021,Pfizer/BioNTech,170482950
United States,6/16/2021,Johnson&Johnson,11714877
United States,6/16/2021,Moderna,129788011
United States,6/16/2021,Pfizer/BioNTech,171175575
United States,6/17/2021,Johnson&Johnson,11812739
United States,6/17/2021,Moderna,130359975
United States,6/17/2021,Pfizer/BioNTech,172556760
United States,6/18/2021,Johnson&Johnson,11871036
United States,6/18/2021,Moderna,130656013
United States,6/18/2021,Pfizer/BioNTech,173280164
United States,6/19/2021,Johnson&Johnson,11931392
United States,6/19/2021,Moderna,130974892
United States,6/19/2021,Pfizer/BioNTech,173968342
United States,6/20/2021,Johnson&Johnson,11986595
United States,6/20/2021,Moderna,131213452
United States,6/20/2021,Pfizer/BioNTech,174521867
United States,6/21/2021,Johnson&Johnson,12015721
United States,6/21/2021,Moderna,131372107
United States,6/21/2021,Pfizer/BioNTech,174943983
United States,6/22/2021,Johnson&Johnson,12047571
United States,6/22/2021,Moderna,131557233
United States,6/22/2021,Pfizer/BioNTech,175373929
United States,6/23/2021,Johnson&Johnson,12090161
United States,6/23/2021,Moderna,131761409
United States,6/23/2021,Pfizer/BioNTech,175773690
United States,6/24/2021,Johnson&Johnson,12139564
United States,6/24/2021,Moderna,132013506
United States,6/24/2021,Pfizer/BioNTech,176285416
United States,6/25/2021,Johnson&Johnson,12169305
United States,6/25/2021,Moderna,132058604
United States,6/25/2021,Pfizer/BioNTech,176721071
United States,6/26/2021,Johnson&Johnson,12213560
United States,6/26/2021,Moderna,132335894
United States,6/26/2021,Pfizer/BioNTech,177321630
United States,6/27/2021,Johnson&Johnson,12256008
United States,6/27/2021,Moderna,132647393
United States,6/27/2021,Pfizer/BioNTech,178171003
United States,6/28/2021,Johnson&Johnson,12291007
United States,6/28/2021,Moderna,132904311
United States,6/28/2021,Pfizer/BioNTech,178965469
United States,6/29/2021,Johnson&Johnson,12322817
United States,6/29/2021,Moderna,133089082
United States,6/29/2021,Pfizer/BioNTech,179486976
United States,6/30/2021,Johnson&Johnson,12405746
United States,6/30/2021,Moderna,133514868
United States,6/30/2021,Pfizer/BioNTech,180344997
United States,7/1/2021,Johnson&Johnson,12470439
United States,7/1/2021,Moderna,134076668
United States,7/1/2021,Pfizer/BioNTech,181347436
United States,7/2/2021,Johnson&Johnson,12510528
United States,7/2/2021,Moderna,134263339
United States,7/2/2021,Pfizer/BioNTech,181776100
United States,7/3/2021,Johnson&Johnson,12581723
United States,7/3/2021,Moderna,134627563
United States,7/3/2021,Pfizer/BioNTech,182499540
United States,7/4/2021,Johnson&Johnson,12617454
United States,7/4/2021,Moderna,134803711
United States,7/4/2021,Pfizer/BioNTech,182920075
United States,7/6/2021,Johnson&Johnson,12646604
United States,7/6/2021,Moderna,134973241
United States,7/6/2021,Pfizer/BioNTech,183331181
United States,7/7/2021,Johnson&Johnson,12668885
United States,7/7/2021,Moderna,135107053
United States,7/7/2021,Pfizer/BioNTech,183611750
United States,7/8/2021,Johnson&Johnson,12708959
United States,7/8/2021,Moderna,135297225
United States,7/8/2021,Pfizer/BioNTech,184073920
United States,7/9/2021,Johnson&Johnson,12751618
United States,7/9/2021,Moderna,135477905
United States,7/9/2021,Pfizer/BioNTech,184469317
United States,7/10/2021,Johnson&Johnson,12791315
United States,7/10/2021,Moderna,135643064
United States,7/10/2021,Pfizer/BioNTech,184861169
United States,7/11/2021,Johnson&Johnson,12825967
United States,7/11/2021,Moderna,135804688
United States,7/11/2021,Pfizer/BioNTech,185249718
United States,7/12/2021,Johnson&Johnson,12850062
United States,7/12/2021,Moderna,135916829
United States,7/12/2021,Pfizer/BioNTech,185562235
United States,7/13/2021,Johnson&Johnson,12869516
United States,7/13/2021,Moderna,136001959
United States,7/13/2021,Pfizer/BioNTech,185798639
United States,7/14/2021,Johnson&Johnson,12905099
United States,7/14/2021,Moderna,136180712
United States,7/14/2021,Pfizer/BioNTech,186127467
United States,7/15/2021,Johnson&Johnson,12936594
United States,7/15/2021,Moderna,136332425
United States,7/15/2021,Pfizer/BioNTech,186509204
United States,7/16/2021,Johnson&Johnson,12966602
United States,7/16/2021,Moderna,136483277
United States,7/16/2021,Pfizer/BioNTech,186875936
United States,7/17/2021,Johnson&Johnson,13003099
United States,7/17/2021,Moderna,136648062
United States,7/17/2021,Pfizer/BioNTech,187306773
United States,7/18/2021,Johnson&Johnson,13026794
United States,7/18/2021,Moderna,136777777
United States,7/18/2021,Pfizer/BioNTech,187652680
United States,7/19/2021,Johnson&Johnson,13046033
United States,7/19/2021,Moderna,136915879
United States,7/19/2021,Pfizer/BioNTech,188001345
United States,7/20/2021,Johnson&Johnson,13060192
United States,7/20/2021,Moderna,136952878
United States,7/20/2021,Pfizer/BioNTech,188194066
United States,7/21/2021,Johnson&Johnson,13092976
United States,7/21/2021,Moderna,137121107
United States,7/21/2021,Pfizer/BioNTech,188601917
United States,7/22/2021,Johnson&Johnson,13126443
United States,7/22/2021,Moderna,137291239
United States,7/22/2021,Pfizer/BioNTech,189056672
United States,7/23/2021,Johnson&Johnson,13158442
United States,7/23/2021,Moderna,137451139
United States,7/23/2021,Pfizer/BioNTech,189462460
United States,7/24/2021,Johnson&Johnson,13191298
United States,7/24/2021,Moderna,137610667
United States,7/24/2021,Pfizer/BioNTech,189943803
United States,7/25/2021,Johnson&Johnson,13228307
United States,7/25/2021,Moderna,137826515
United States,7/25/2021,Pfizer/BioNTech,190468171
United States,7/26/2021,Johnson&Johnson,13242865
United States,7/26/2021,Moderna,137928681
United States,7/26/2021,Pfizer/BioNTech,190744361
United States,7/27/2021,Johnson&Johnson,13257878
United States,7/27/2021,Moderna,138031642
United States,7/27/2021,Pfizer/BioNTech,191021446
United States,7/28/2021,Johnson&Johnson,13293282
United States,7/28/2021,Moderna,138257663
United States,7/28/2021,Pfizer/BioNTech,191510953
United States,7/29/2021,Johnson&Johnson,13329001
United States,7/29/2021,Moderna,138456874
United States,7/29/2021,Pfizer/BioNTech,191983572
United States,7/30/2021,Johnson&Johnson,13371560
United States,7/30/2021,Moderna,138692320
United States,7/30/2021,Pfizer/BioNTech,192560134
United States,7/31/2021,Johnson&Johnson,13408923
United States,7/31/2021,Moderna,138883719
United States,7/31/2021,Pfizer/BioNTech,193041050
United States,8/1/2021,Johnson&Johnson,13446195
United States,8/1/2021,Moderna,139105757
United States,8/1/2021,Pfizer/BioNTech,193596180
United States,8/2/2021,Johnson&Johnson,13464026
United States,8/2/2021,Moderna,139225808
United States,8/2/2021,Pfizer/BioNTech,193925677
United States,8/3/2021,Johnson&Johnson,13479802
United States,8/3/2021,Moderna,139335403
United States,8/3/2021,Pfizer/BioNTech,194252771
United States,8/4/2021,Johnson&Johnson,13515943
United States,8/4/2021,Moderna,139513845
United States,8/4/2021,Pfizer/BioNTech,194761251
United States,8/5/2021,Johnson&Johnson,13557377
United States,8/5/2021,Moderna,139742533
United States,8/5/2021,Pfizer/BioNTech,195351697
United States,8/6/2021,Johnson&Johnson,13596515
United States,8/6/2021,Moderna,139969467
United States,8/6/2021,Pfizer/BioNTech,195903754
United States,8/7/2021,Johnson&Johnson,13639573
United States,8/7/2021,Moderna,140189704
United States,8/7/2021,Pfizer/BioNTech,196477868
United States,8/8/2021,Johnson&Johnson,13674107
United States,8/8/2021,Moderna,140388709
United States,8/8/2021,Pfizer/BioNTech,197016306
United States,8/9/2021,Johnson&Johnson,13691100
United States,8/9/2021,Moderna,140520517
United States,8/9/2021,Pfizer/BioNTech,197399471
United States,8/10/2021,Johnson&Johnson,13711856
United States,8/10/2021,Moderna,140678574
United States,8/10/2021,Pfizer/BioNTech,197837608
United States,8/11/2021,Johnson&Johnson,13746323
United States,8/11/2021,Moderna,140845833
United States,8/11/2021,Pfizer/BioNTech,198288731
United States,8/12/2021,Johnson&Johnson,13784136
United States,8/12/2021,Moderna,141011089
United States,8/12/2021,Pfizer/BioNTech,198736053
United States,8/13/2021,Johnson&Johnson,13823462
United States,8/13/2021,Moderna,141231218
United States,8/13/2021,Pfizer/BioNTech,199392855
United States,8/14/2021,Johnson&Johnson,13865764
United States,8/14/2021,Moderna,141484707
United States,8/14/2021,Pfizer/BioNTech,200086401
United States,8/15/2021,Johnson&Johnson,13892386
United States,8/15/2021,Moderna,141656626
United States,8/15/2021,Pfizer/BioNTech,200551649
United States,8/16/2021,Johnson&Johnson,13921901
United States,8/16/2021,Moderna,141882801
United States,8/16/2021,Pfizer/BioNTech,201153708
United States,8/17/2021,Johnson&Johnson,13940856
United States,8/17/2021,Moderna,142042199
United States,8/17/2021,Pfizer/BioNTech,201577973
United States,8/18/2021,Johnson&Johnson,13973354
United States,8/18/2021,Moderna,142239152
United States,8/18/2021,Pfizer/BioNTech,202051500
United States,8/19/2021,Johnson&Johnson,14011758
United States,8/19/2021,Moderna,142536887
United States,8/19/2021,Pfizer/BioNTech,202736783
United States,8/20/2021,Johnson&Johnson,14050126
United States,8/20/2021,Moderna,142827859
United States,8/20/2021,Pfizer/BioNTech,203416431
United States,8/21/2021,Johnson&Johnson,14099089
United States,8/21/2021,Moderna,143147929
United States,8/21/2021,Pfizer/BioNTech,204095863
United States,8/22/2021,Johnson&Johnson,14130274
United States,8/22/2021,Moderna,143433946
United States,8/22/2021,Pfizer/BioNTech,204750908
United States,8/23/2021,Johnson&Johnson,14144305
United States,8/23/2021,Moderna,143604049
United States,8/23/2021,Pfizer/BioNTech,205176686
United States,8/24/2021,Johnson&Johnson,14160458
United States,8/24/2021,Moderna,143785747
United States,8/24/2021,Pfizer/BioNTech,205626564
United States,8/25/2021,Johnson&Johnson,14195895
United States,8/25/2021,Moderna,144036513
United States,8/25/2021,Pfizer/BioNTech,206265542
United States,8/26/2021,Johnson&Johnson,14230266
United States,8/26/2021,Moderna,144290127
United States,8/26/2021,Pfizer/BioNTech,206901538
United States,8/27/2021,Johnson&Johnson,14265931
United States,8/27/2021,Moderna,144578104
United States,8/27/2021,Pfizer/BioNTech,207646621
United States,8/28/2021,Johnson&Johnson,14301768
United States,8/28/2021,Moderna,144863997
United States,8/28/2021,Pfizer/BioNTech,208396423
United States,8/29/2021,Johnson&Johnson,14330970
United States,8/29/2021,Moderna,145108915
United States,8/29/2021,Pfizer/BioNTech,209073174
United States,8/30/2021,Johnson&Johnson,14345660
United States,8/30/2021,Moderna,145280750
United States,8/30/2021,Pfizer/BioNTech,209579682
United States,8/31/2021,Johnson&Johnson,14358641
United States,8/31/2021,Moderna,145447491
United States,8/31/2021,Pfizer/BioNTech,210054512
United States,9/1/2021,Johnson&Johnson,14392613
United States,9/1/2021,Moderna,145736021
United States,9/1/2021,Pfizer/BioNTech,210798052
United States,9/2/2021,Johnson&Johnson,14420976
United States,9/2/2021,Moderna,145967563
United States,9/2/2021,Pfizer/BioNTech,211373074
United States,9/3/2021,Johnson&Johnson,14460971
United States,9/3/2021,Moderna,146379359
United States,9/3/2021,Pfizer/BioNTech,212319148
United States,9/4/2021,Johnson&Johnson,14492832
United States,9/4/2021,Moderna,146657321
United States,9/4/2021,Pfizer/BioNTech,212979842
United States,9/7/2021,Johnson&Johnson,14531824
United States,9/7/2021,Moderna,147054366
United States,9/7/2021,Pfizer/BioNTech,214049719
United States,9/8/2021,Johnson&Johnson,14553296
United States,9/8/2021,Moderna,147324654
United States,9/8/2021,Pfizer/BioNTech,214716553
United States,9/9/2021,Johnson&Johnson,14582801
United States,9/9/2021,Moderna,147523191
United States,9/9/2021,Pfizer/BioNTech,215153880
United States,9/10/2021,Johnson&Johnson,14613451
United States,9/10/2021,Moderna,147791051
United States,9/10/2021,Pfizer/BioNTech,215801105
United States,9/11/2021,Johnson&Johnson,14643267
United States,9/11/2021,Moderna,148045563
United States,9/11/2021,Pfizer/BioNTech,216417387
United States,9/12/2021,Johnson&Johnson,14667381
United States,9/12/2021,Moderna,148255720
United States,9/12/2021,Pfizer/BioNTech,216951668
United States,9/13/2021,Johnson&Johnson,14681798
United States,9/13/2021,Moderna,148418837
United States,9/13/2021,Pfizer/BioNTech,217363615
United States,9/14/2021,Johnson&Johnson,14696874
United States,9/14/2021,Moderna,148591187
United States,9/14/2021,Pfizer/BioNTech,217796918
United States,9/15/2021,Johnson&Johnson,14723114
United States,9/15/2021,Moderna,148847705
United States,9/15/2021,Pfizer/BioNTech,218353396
United States,9/16/2021,Johnson&Johnson,14750931
United States,9/16/2021,Moderna,149044965
United States,9/16/2021,Pfizer/BioNTech,218872070
United States,9/17/2021,Johnson&Johnson,14781084
United States,9/17/2021,Moderna,149319792
United States,9/17/2021,Pfizer/BioNTech,219521437
United States,9/18/2021,Johnson&Johnson,14812351
United States,9/18/2021,Moderna,149586411
United States,9/18/2021,Pfizer/BioNTech,220137971
United States,9/19/2021,Johnson&Johnson,14837004
United States,9/19/2021,Moderna,149772779
United States,9/19/2021,Pfizer/BioNTech,220600691
United States,9/20/2021,Johnson&Johnson,14850165
United States,9/20/2021,Moderna,149941346
United States,9/20/2021,Pfizer/BioNTech,221070020
United States,9/21/2021,Johnson&Johnson,14863714
United States,9/21/2021,Moderna,150094768
United States,9/21/2021,Pfizer/BioNTech,221445415
United States,9/22/2021,Moderna,150295981
United States,9/22/2021,Pfizer/BioNTech,221929245
United States,9/23/2021,Johnson&Johnson,14876579
United States,9/23/2021,Moderna,150415654
United States,9/23/2021,Pfizer/BioNTech,222148207
United States,9/24/2021,Johnson&Johnson,14900349
United States,9/24/2021,Moderna,150619059
United States,9/24/2021,Pfizer/BioNTech,222663971
United States,9/25/2021,Johnson&Johnson,14925576
United States,9/25/2021,Moderna,150832560
United States,9/25/2021,Pfizer/BioNTech,223228392
United States,9/26/2021,Johnson&Johnson,14942698
United States,9/26/2021,Moderna,151000534
United States,9/26/2021,Pfizer/BioNTech,223782867
United States,9/27/2021,Johnson&Johnson,14950507
United States,9/27/2021,Moderna,151102564
United States,9/27/2021,Pfizer/BioNTech,224223342
United States,9/28/2021,Johnson&Johnson,14954307
United States,9/28/2021,Moderna,151150063
United States,9/28/2021,Pfizer/BioNTech,224659347
United States,9/29/2021,Johnson&Johnson,14977044
United States,9/29/2021,Moderna,151310851
United States,9/29/2021,Pfizer/BioNTech,225313214
United States,9/30/2021,Johnson&Johnson,15000326
United States,9/30/2021,Moderna,151481614
United States,9/30/2021,Pfizer/BioNTech,226033301
United States,10/1/2021,Johnson&Johnson,15022960
United States,10/1/2021,Moderna,151622624
United States,10/1/2021,Pfizer/BioNTech,226714560
United States,10/2/2021,Johnson&Johnson,15047364
United States,10/2/2021,Moderna,151796711
United States,10/2/2021,Pfizer/BioNTech,227447588
United States,10/3/2021,Johnson&Johnson,15065673
United States,10/3/2021,Moderna,151965988
United States,10/3/2021,Pfizer/BioNTech,228504095
United States,10/4/2021,Johnson&Johnson,15073515
United States,10/4/2021,Moderna,152089746
United States,10/4/2021,Pfizer/BioNTech,229356695
United States,10/5/2021,Johnson&Johnson,15087687
United States,10/5/2021,Moderna,152207170
United States,10/5/2021,Pfizer/BioNTech,230023148
United States,10/6/2021,Johnson&Johnson,15107206
United States,10/6/2021,Moderna,152371218
United States,10/6/2021,Pfizer/BioNTech,230795097
United States,10/7/2021,Johnson&Johnson,15126616
United States,10/7/2021,Moderna,152505315
United States,10/7/2021,Pfizer/BioNTech,231516893
United States,10/8/2021,Johnson&Johnson,15145348
United States,10/8/2021,Moderna,152657055
United States,10/8/2021,Pfizer/BioNTech,232461866
United States,10/9/2021,Johnson&Johnson,15178784
United States,10/9/2021,Moderna,152840025
United States,10/9/2021,Pfizer/BioNTech,233393286
United States,10/12/2021,Johnson&Johnson,15208784
United States,10/12/2021,Moderna,153091886
United States,10/12/2021,Pfizer/BioNTech,234867451
United States,10/13/2021,Johnson&Johnson,15225611
United States,10/13/2021,Moderna,153216702
United States,10/13/2021,Pfizer/BioNTech,235518908
United States,10/14/2021,Johnson&Johnson,15250730
United States,10/14/2021,Moderna,153369108
United States,10/14/2021,Pfizer/BioNTech,236409595
United States,10/15/2021,Johnson&Johnson,15278936
United States,10/15/2021,Moderna,153548987
United States,10/15/2021,Pfizer/BioNTech,237325727
United States,10/16/2021,Johnson&Johnson,15298169
United States,10/16/2021,Moderna,153681390
United States,10/16/2021,Pfizer/BioNTech,238048239
United States,10/17/2021,Johnson&Johnson,15313732
United States,10/17/2021,Moderna,153795531
United States,10/17/2021,Pfizer/BioNTech,238736184
United States,10/18/2021,Johnson&Johnson,15322713
United States,10/18/2021,Moderna,153865158
United States,10/18/2021,Pfizer/BioNTech,239189084
United States,10/19/2021,Johnson&Johnson,15336709
United States,10/19/2021,Moderna,153970330
United States,10/19/2021,Pfizer/BioNTech,239709996
United States,10/20/2021,Johnson&Johnson,15353873
United States,10/20/2021,Moderna,154087303
United States,10/20/2021,Pfizer/BioNTech,240324759
United States,10/21/2021,Johnson&Johnson,15371265
United States,10/21/2021,Moderna,154219584
United States,10/21/2021,Pfizer/BioNTech,240994970
United States,10/22/2021,Johnson&Johnson,15393747
United States,10/22/2021,Moderna,154369262
United States,10/22/2021,Pfizer/BioNTech,241772516
United States,10/23/2021,Johnson&Johnson,15415408
United States,10/23/2021,Moderna,154526345
United States,10/23/2021,Pfizer/BioNTech,242485197
United States,10/24/2021,Johnson&Johnson,15432695
United States,10/24/2021,Moderna,154735646
United States,10/24/2021,Pfizer/BioNTech,243046759
United States,10/25/2021,Johnson&Johnson,15444234
United States,10/25/2021,Moderna,154980294
United States,10/25/2021,Pfizer/BioNTech,243447128
United States,10/26/2021,Johnson&Johnson,15457247
United States,10/26/2021,Moderna,155267673
United States,10/26/2021,Pfizer/BioNTech,243856565
United States,10/27/2021,Johnson&Johnson,15486250
United States,10/27/2021,Moderna,155799040
United States,10/27/2021,Pfizer/BioNTech,244436832
United States,10/28/2021,Johnson&Johnson,15521154
United States,10/28/2021,Moderna,156602727
United States,10/28/2021,Pfizer/BioNTech,245237611
United States,10/29/2021,Johnson&Johnson,15549336
United States,10/29/2021,Moderna,157205236
United States,10/29/2021,Pfizer/BioNTech,245831871
United States,10/30/2021,Johnson&Johnson,15594341
United States,10/30/2021,Moderna,158053763
United States,10/30/2021,Pfizer/BioNTech,246573186
United States,10/31/2021,Johnson&Johnson,15632926
United States,10/31/2021,Moderna,158772903
United States,10/31/2021,Pfizer/BioNTech,247226364
United States,11/1/2021,Johnson&Johnson,15657802
United States,11/1/2021,Moderna,159264439
United States,11/1/2021,Pfizer/BioNTech,247644758
United States,11/2/2021,Johnson&Johnson,15684476
United States,11/2/2021,Moderna,159747250
United States,11/2/2021,Pfizer/BioNTech,248071961
United States,11/3/2021,Johnson&Johnson,15725873
United States,11/3/2021,Moderna,160450092
United States,11/3/2021,Pfizer/BioNTech,248655677
United States,11/4/2021,Johnson&Johnson,15774846
United States,11/4/2021,Moderna,161206881
United States,11/4/2021,Pfizer/BioNTech,249302522
United States,11/5/2021,Johnson&Johnson,15827858
United States,11/5/2021,Moderna,161885137
United States,11/5/2021,Pfizer/BioNTech,249839661
United States,11/6/2021,Johnson&Johnson,15876019
United States,11/6/2021,Moderna,162648210
United States,11/6/2021,Pfizer/BioNTech,250435837
United States,11/7/2021,Johnson&Johnson,15917693
United States,11/7/2021,Moderna,163390613
United States,11/7/2021,Pfizer/BioNTech,251090534
United States,11/8/2021,Johnson&Johnson,15944839
United States,11/8/2021,Moderna,163930600
United States,11/8/2021,Pfizer/BioNTech,251645451
United States,11/9/2021,Johnson&Johnson,15973618
United States,11/9/2021,Moderna,164395658
United States,11/9/2021,Pfizer/BioNTech,252338508
United States,11/10/2021,Johnson&Johnson,16015198
United States,11/10/2021,Moderna,164985307
United States,11/10/2021,Pfizer/BioNTech,253035590
United States,11/12/2021,Johnson&Johnson,16094232
United States,11/12/2021,Moderna,166271061
United States,11/12/2021,Pfizer/BioNTech,254532491
United States,11/13/2021,Johnson&Johnson,16135268
United States,11/13/2021,Moderna,167010749
United States,11/13/2021,Pfizer/BioNTech,255432746
United States,11/14/2021,Johnson&Johnson,16169549
United States,11/14/2021,Moderna,167679443
United States,11/14/2021,Pfizer/BioNTech,256253584
United States,11/15/2021,Johnson&Johnson,16200158
United States,11/15/2021,Moderna,168242391
United States,11/15/2021,Pfizer/BioNTech,257105458
United States,11/16/2021,Johnson&Johnson,16233985
United States,11/16/2021,Moderna,168812041
United States,11/16/2021,Pfizer/BioNTech,257869920
United States,11/17/2021,Johnson&Johnson,16274660
United States,11/17/2021,Moderna,169412238
United States,11/17/2021,Pfizer/BioNTech,258642454
United States,11/18/2021,Johnson&Johnson,16312826
United States,11/18/2021,Moderna,170102986
United States,11/18/2021,Pfizer/BioNTech,259373312
United States,11/19/2021,Johnson&Johnson,16357570
United States,11/19/2021,Moderna,170858487
United States,11/19/2021,Pfizer/BioNTech,260476713
United States,11/20/2021,Johnson&Johnson,16405286
United States,11/20/2021,Moderna,171663254
United States,11/20/2021,Pfizer/BioNTech,261421616
United States,11/21/2021,Moderna,172316148
United States,11/21/2021,Pfizer/BioNTech,262228410
United States,11/22/2021,Pfizer/BioNTech,262914388
United States,11/23/2021,Johnson&Johnson,16435004
United States,11/23/2021,Moderna,172792190
United States,11/23/2021,Pfizer/BioNTech,263010518
United States,11/24/2021,Johnson&Johnson,16488220
United States,11/24/2021,Moderna,173461121
United States,11/24/2021,Pfizer/BioNTech,264025943
United States,11/29/2021,Johnson&Johnson,16597641
United States,11/29/2021,Moderna,175430932
United States,11/29/2021,Pfizer/BioNTech,266730650
United States,11/30/2021,Johnson&Johnson,16631251
United States,11/30/2021,Moderna,176026339
United States,11/30/2021,Pfizer/BioNTech,267639715
United States,12/1/2021,Johnson&Johnson,16671481
United States,12/1/2021,Moderna,176594175
United States,12/1/2021,Pfizer/BioNTech,268520407
United States,12/2/2021,Johnson&Johnson,16720690
United States,12/2/2021,Moderna,177388926
United States,12/2/2021,Pfizer/BioNTech,269856321
United States,12/3/2021,Johnson&Johnson,16770397
United States,12/3/2021,Moderna,178149886
United States,12/3/2021,Pfizer/BioNTech,270946361
United States,12/4/2021,Johnson&Johnson,16822204
United States,12/4/2021,Moderna,178978980
United States,12/4/2021,Pfizer/BioNTech,272232377
United States,12/5/2021,Johnson&Johnson,16863349
United States,12/5/2021,Moderna,179679243
United States,12/5/2021,Pfizer/BioNTech,273270797
United States,12/6/2021,Johnson&Johnson,16888006
United States,12/6/2021,Moderna,180171419
United States,12/6/2021,Pfizer/BioNTech,274156276
United States,12/7/2021,Johnson&Johnson,16918762
United States,12/7/2021,Moderna,180717034
United States,12/7/2021,Pfizer/BioNTech,275121905
United States,12/8/2021,Johnson&Johnson,16979979
United States,12/8/2021,Moderna,181774966
United States,12/8/2021,Pfizer/BioNTech,276485648
United States,12/9/2021,Johnson&Johnson,17020935
United States,12/9/2021,Moderna,182451675
United States,12/9/2021,Pfizer/BioNTech,277472166
United States,12/10/2021,Johnson&Johnson,17100985
United States,12/10/2021,Moderna,183628648
United States,12/10/2021,Pfizer/BioNTech,279344831
United States,12/11/2021,Johnson&Johnson,17152271
United States,12/11/2021,Moderna,184422633
United States,12/11/2021,Pfizer/BioNTech,280625893
United States,12/12/2021,Johnson&Johnson,17185562
United States,12/12/2021,Moderna,184989803
United States,12/12/2021,Pfizer/BioNTech,281519334
United States,12/13/2021,Johnson&Johnson,17206942
United States,12/13/2021,Moderna,185388911
United States,12/13/2021,Pfizer/BioNTech,282267391
United States,12/14/2021,Johnson&Johnson,17233475
United States,12/14/2021,Moderna,185831223
United States,12/14/2021,Pfizer/BioNTech,283012348
United States,12/15/2021,Johnson&Johnson,17272247
United States,12/15/2021,Moderna,186454785
United States,12/15/2021,Pfizer/BioNTech,284069934
United States,12/16/2021,Johnson&Johnson,17311789
United States,12/16/2021,Moderna,187111796
United States,12/16/2021,Pfizer/BioNTech,285106254
United States,12/17/2021,Johnson&Johnson,17355211
United States,12/17/2021,Moderna,187823886
United States,12/17/2021,Pfizer/BioNTech,286210683
United States,12/18/2021,Johnson&Johnson,17394753
United States,12/18/2021,Moderna,188491220
United States,12/18/2021,Pfizer/BioNTech,287241895
United States,12/19/2021,Johnson&Johnson,17422358
United States,12/19/2021,Moderna,189052448
United States,12/19/2021,Pfizer/BioNTech,288121540
United States,12/20/2021,Johnson&Johnson,17438700
United States,12/20/2021,Moderna,189469043
United States,12/20/2021,Pfizer/BioNTech,288825557
United States,12/21/2021,Johnson&Johnson,17454967
United States,12/21/2021,Moderna,189874761
United States,12/21/2021,Pfizer/BioNTech,289538081
United States,12/22/2021,Johnson&Johnson,17484608
United States,12/22/2021,Moderna,190503920
United States,12/22/2021,Pfizer/BioNTech,290516041
United States,12/23/2021,Johnson&Johnson,17501026
United States,12/23/2021,Moderna,190891698
United States,12/23/2021,Pfizer/BioNTech,291318945
United States,12/27/2021,Johnson&Johnson,17554817
United States,12/27/2021,Moderna,192130887
United States,12/27/2021,Pfizer/BioNTech,293282214
United States,12/28/2021,Johnson&Johnson,17576911
United States,12/28/2021,Moderna,192687290
United States,12/28/2021,Pfizer/BioNTech,294235928
United States,12/29/2021,Johnson&Johnson,17596594
United States,12/29/2021,Moderna,193162645
United States,12/29/2021,Pfizer/BioNTech,295020731
United States,12/30/2021,Johnson&Johnson,17613846
United States,12/30/2021,Moderna,193650993
United States,12/30/2021,Pfizer/BioNTech,295858234
United States,1/4/2022,Johnson&Johnson,17695795
United States,1/4/2022,Moderna,195491908
United States,1/4/2022,Pfizer/BioNTech,298939402
United States,1/5/2022,Johnson&Johnson,17716925
United States,1/5/2022,Moderna,195913748
United States,1/5/2022,Pfizer/BioNTech,299669968
United States,1/6/2022,Johnson&Johnson,17739932
United States,1/6/2022,Moderna,196396103
United States,1/6/2022,Pfizer/BioNTech,300486092
United States,1/7/2022,Johnson&Johnson,17766224
United States,1/7/2022,Moderna,196913814
United States,1/7/2022,Pfizer/BioNTech,301374353
United States,1/8/2022,Johnson&Johnson,17791472
United States,1/8/2022,Moderna,197421313
United States,1/8/2022,Pfizer/BioNTech,302264632
United States,1/9/2022,Johnson&Johnson,17813479
United States,1/9/2022,Moderna,197880486
United States,1/9/2022,Pfizer/BioNTech,303096481
United States,1/10/2022,Johnson&Johnson,17825224
United States,1/10/2022,Moderna,198147329
United States,1/10/2022,Pfizer/BioNTech,303648263
United States,1/11/2022,Johnson&Johnson,17840058
United States,1/11/2022,Moderna,198474153
United States,1/11/2022,Pfizer/BioNTech,304296783
United States,1/12/2022,Johnson&Johnson,17863666
United States,1/12/2022,Moderna,198923979
United States,1/12/2022,Pfizer/BioNTech,305145563
United States,1/13/2022,Johnson&Johnson,17898271
United States,1/13/2022,Moderna,199602389
United States,1/13/2022,Pfizer/BioNTech,306241653
United States,1/14/2022,Johnson&Johnson,17923089
United States,1/14/2022,Moderna,200069287
United States,1/14/2022,Pfizer/BioNTech,307152951
United States,1/15/2022,Johnson&Johnson,17946980
United States,1/15/2022,Moderna,200505745
United States,1/15/2022,Pfizer/BioNTech,307985354
United States,1/18/2022,Johnson&Johnson,17983383
United States,1/18/2022,Moderna,201270697
United States,1/18/2022,Pfizer/BioNTech,309550180
United States,1/19/2022,Johnson&Johnson,18002501
United States,1/19/2022,Moderna,201632233
United States,1/19/2022,Pfizer/BioNTech,310332802
United States,1/20/2022,Johnson&Johnson,18065529
United States,1/20/2022,Moderna,202127731
United States,1/20/2022,Pfizer/BioNTech,311207242
United States,1/21/2022,Johnson&Johnson,18083356
United States,1/21/2022,Moderna,202447054
United States,1/21/2022,Pfizer/BioNTech,311853421
United States,1/22/2022,Johnson&Johnson,18102634
United States,1/22/2022,Moderna,202786593
United States,1/22/2022,Pfizer/BioNTech,312558129
United States,1/23/2022,Johnson&Johnson,18114786
United States,1/23/2022,Moderna,203024478
United States,1/23/2022,Pfizer/BioNTech,313000963
United States,1/24/2022,Johnson&Johnson,18125164
United States,1/24/2022,Moderna,203235552
United States,1/24/2022,Pfizer/BioNTech,313477739
United States,1/25/2022,Pfizer/BioNTech,314236020
United States,1/27/2022,Johnson&Johnson,18128738
United States,1/27/2022,Moderna,203409636
United States,1/27/2022,Pfizer/BioNTech,314361546
United States,1/28/2022,Johnson&Johnson,18143188
United States,1/28/2022,Moderna,203671645
United States,1/28/2022,Pfizer/BioNTech,314951464
United States,1/29/2022,Johnson&Johnson,18158364
United States,1/29/2022,Moderna,203923765
United States,1/29/2022,Pfizer/BioNTech,315530213
United States,1/30/2022,Johnson&Johnson,18170391
United States,1/30/2022,Moderna,204143412
United States,1/30/2022,Pfizer/BioNTech,316041356
United States,1/31/2022,Johnson&Johnson,18177294
United States,1/31/2022,Moderna,204294985
United States,1/31/2022,Pfizer/BioNTech,316390082
United States,2/1/2022,Johnson&Johnson,18185440
United States,2/1/2022,Moderna,204454132
United States,2/1/2022,Pfizer/BioNTech,316805846
United States,2/2/2022,Johnson&Johnson,18198400
United States,2/2/2022,Moderna,204662169
United States,2/2/2022,Pfizer/BioNTech,317292439
United States,2/3/2022,Johnson&Johnson,18215099
United States,2/3/2022,Moderna,204895468
United States,2/3/2022,Pfizer/BioNTech,317821532
United States,2/4/2022,Johnson&Johnson,18224294
United States,2/4/2022,Moderna,205042012
United States,2/4/2022,Pfizer/BioNTech,318253687
United States,2/5/2022,Johnson&Johnson,18236540
United States,2/5/2022,Moderna,205249215
United States,2/5/2022,Pfizer/BioNTech,318708588
United States,2/6/2022,Johnson&Johnson,18246402
United States,2/6/2022,Moderna,205409451
United States,2/6/2022,Pfizer/BioNTech,319082480
United States,2/7/2022,Johnson&Johnson,18251579
United States,2/7/2022,Moderna,205513590
United States,2/7/2022,Pfizer/BioNTech,319372364
United States,2/8/2022,Johnson&Johnson,18258796
United States,2/8/2022,Moderna,205656808
United States,2/8/2022,Pfizer/BioNTech,319741177
United States,2/9/2022,Johnson&Johnson,18271861
United States,2/9/2022,Moderna,205846147
United States,2/9/2022,Pfizer/BioNTech,320170914
United States,2/10/2022,Johnson&Johnson,18283801
United States,2/10/2022,Moderna,206059690
United States,2/10/2022,Pfizer/BioNTech,320648278
United States,2/11/2022,Johnson&Johnson,18291136
United States,2/11/2022,Moderna,206210837
United States,2/11/2022,Pfizer/BioNTech,320993225
United States,2/12/2022,Johnson&Johnson,18303071
United States,2/12/2022,Moderna,206408407
United States,2/12/2022,Pfizer/BioNTech,321425596
United States,2/13/2022,Johnson&Johnson,18311163
United States,2/13/2022,Moderna,206546389
United States,2/13/2022,Pfizer/BioNTech,321764021
United States,2/14/2022,Johnson&Johnson,18315842
United States,2/14/2022,Moderna,206634275
United States,2/14/2022,Pfizer/BioNTech,322007571
United States,2/15/2022,Johnson&Johnson,18324679
United States,2/15/2022,Moderna,206773482
United States,2/15/2022,Pfizer/BioNTech,322361145
United States,2/16/2022,Johnson&Johnson,18333611
United States,2/16/2022,Moderna,206922312
United States,2/16/2022,Pfizer/BioNTech,322645077
United States,2/17/2022,Johnson&Johnson,18344998
United States,2/17/2022,Moderna,207086539
United States,2/17/2022,Pfizer/BioNTech,323010581
United States,2/18/2022,Johnson&Johnson,18356283
United States,2/18/2022,Moderna,207245487
United States,2/18/2022,Pfizer/BioNTech,323324047
United States,2/19/2022,Johnson&Johnson,18367598
United States,2/19/2022,Moderna,207402708
United States,2/19/2022,Pfizer/BioNTech,323674221
United States,2/22/2022,Johnson&Johnson,18382490
United States,2/22/2022,Moderna,207669266
United States,2/22/2022,Pfizer/BioNTech,324376921
United States,2/23/2022,Johnson&Johnson,18391970
United States,2/23/2022,Moderna,207794259
United States,2/23/2022,Pfizer/BioNTech,324688496
United States,2/24/2022,Johnson&Johnson,18400637
United States,2/24/2022,Moderna,207943834
United States,2/24/2022,Pfizer/BioNTech,325012738
United States,2/25/2022,Johnson&Johnson,18407172
United States,2/25/2022,Moderna,208030542
United States,2/25/2022,Pfizer/BioNTech,325087755
United States,2/26/2022,Johnson&Johnson,18429439
United States,2/26/2022,Moderna,208170728
United States,2/26/2022,Pfizer/BioNTech,325425139
United States,2/28/2022,Johnson&Johnson,18439105
United States,2/28/2022,Moderna,208322621
United States,2/28/2022,Pfizer/BioNTech,325815143
United States,3/1/2022,Johnson&Johnson,18443204
United States,3/1/2022,Moderna,208399875
United States,3/1/2022,Pfizer/BioNTech,326031904
United States,3/2/2022,Johnson&Johnson,18455620
United States,3/2/2022,Moderna,208524117
United States,3/2/2022,Pfizer/BioNTech,326294469
United States,3/3/2022,Johnson&Johnson,18462519
United States,3/3/2022,Moderna,208633913
United States,3/3/2022,Pfizer/BioNTech,326566951
United States,3/4/2022,Johnson&Johnson,18469549
United States,3/4/2022,Moderna,208751907
United States,3/4/2022,Pfizer/BioNTech,326804328
United States,3/5/2022,Johnson&Johnson,18476837
United States,3/5/2022,Moderna,208857265
United States,3/5/2022,Pfizer/BioNTech,327026546
United States,3/6/2022,Johnson&Johnson,18481200
United States,3/6/2022,Moderna,208926394
United States,3/6/2022,Pfizer/BioNTech,327196595
United States,3/7/2022,Johnson&Johnson,18484091
United States,3/7/2022,Moderna,208999627
United States,3/7/2022,Pfizer/BioNTech,327340259
United States,3/8/2022,Johnson&Johnson,18488808
United States,3/8/2022,Moderna,209072328
United States,3/8/2022,Pfizer/BioNTech,327525429
United States,3/9/2022,Johnson&Johnson,18495800
United States,3/9/2022,Moderna,209158440
United States,3/9/2022,Pfizer/BioNTech,327733589
United States,3/10/2022,Johnson&Johnson,18504711
United States,3/10/2022,Moderna,209255002
United States,3/10/2022,Pfizer/BioNTech,327981443
United States,3/11/2022,Johnson&Johnson,18505183
United States,3/11/2022,Moderna,209282354
United States,3/11/2022,Pfizer/BioNTech,328097533
United States,3/12/2022,Johnson&Johnson,18511808
United States,3/12/2022,Moderna,209384574
United States,3/12/2022,Pfizer/BioNTech,328367251
United States,3/13/2022,Johnson&Johnson,18516633
United States,3/13/2022,Moderna,209440962
United States,3/13/2022,Pfizer/BioNTech,328507974
United States,3/14/2022,Johnson&Johnson,18519052
United States,3/14/2022,Moderna,209481825
United States,3/14/2022,Pfizer/BioNTech,328622521
United States,3/15/2022,Moderna,209552990
United States,3/15/2022,Pfizer/BioNTech,328815528
United States,3/16/2022,Moderna,209620610
United States,3/16/2022,Pfizer/BioNTech,328978180
United States,3/17/2022,Moderna,209695291
United States,3/17/2022,Pfizer/BioNTech,329154571
United States,3/18/2022,Moderna,209762865
United States,3/18/2022,Pfizer/BioNTech,329298296
United States,3/19/2022,Moderna,209836197
United States,3/19/2022,Pfizer/BioNTech,329463476
United States,3/20/2022,Moderna,209886918
United States,3/20/2022,Pfizer/BioNTech,329586959
United States,3/21/2022,Pfizer/BioNTech,329682053
United States,3/22/2022,Johnson&Johnson,18520111
United States,3/22/2022,Moderna,209888388
United States,3/22/2022,Pfizer/BioNTech,329719828
United States,3/23/2022,Johnson&Johnson,18526124
United States,3/23/2022,Moderna,209962688
United States,3/23/2022,Pfizer/BioNTech,329907144
United States,3/24/2022,Johnson&Johnson,18542865
United States,3/24/2022,Moderna,210060559
United States,3/24/2022,Pfizer/BioNTech,330115030
United States,3/25/2022,Johnson&Johnson,18547119
United States,3/25/2022,Moderna,210121170
United States,3/25/2022,Pfizer/BioNTech,330243493
United States,3/26/2022,Johnson&Johnson,18553138
United States,3/26/2022,Moderna,210206085
United States,3/26/2022,Pfizer/BioNTech,330420307
United States,3/27/2022,Johnson&Johnson,18557893
United States,3/27/2022,Moderna,210254140
United States,3/27/2022,Pfizer/BioNTech,330534759
United States,3/28/2022,Johnson&Johnson,18559777
United States,3/28/2022,Moderna,210281861
United States,3/28/2022,Pfizer/BioNTech,330607980
United States,3/29/2022,Johnson&Johnson,18563903
United States,3/29/2022,Moderna,210341785
United States,3/29/2022,Pfizer/BioNTech,330748673
United States,3/30/2022,Johnson&Johnson,18570195
United States,3/30/2022,Moderna,210417177
United States,3/30/2022,Pfizer/BioNTech,330903027
United States,3/31/2022,Johnson&Johnson,18581654
United States,3/31/2022,Moderna,210561666
United States,3/31/2022,Pfizer/BioNTech,331150614
United States,4/1/2022,Johnson&Johnson,18585443
United States,4/1/2022,Moderna,210694003
United States,4/1/2022,Pfizer/BioNTech,331363417
United States,4/2/2022,Johnson&Johnson,18590415
United States,4/2/2022,Moderna,210891645
United States,4/2/2022,Pfizer/BioNTech,331645510
United States,4/3/2022,Johnson&Johnson,18593986
United States,4/3/2022,Moderna,211069153
United States,4/3/2022,Pfizer/BioNTech,331889314
United States,4/4/2022,Johnson&Johnson,18596102
United States,4/4/2022,Moderna,211212181
United States,4/4/2022,Pfizer/BioNTech,332094076
United States,4/5/2022,Johnson&Johnson,18599938
United States,4/5/2022,Moderna,211419985
United States,4/5/2022,Pfizer/BioNTech,332381918
United States,4/6/2022,Johnson&Johnson,18603274
United States,4/6/2022,Moderna,211577562
United States,4/6/2022,Pfizer/BioNTech,332676450
United States,4/7/2022,Johnson&Johnson,18608511
United States,4/7/2022,Moderna,211826208
United States,4/7/2022,Pfizer/BioNTech,333028736
United States,4/8/2022,Johnson&Johnson,18616237
United States,4/8/2022,Moderna,212072520
United States,4/8/2022,Pfizer/BioNTech,333346274
United States,4/9/2022,Johnson&Johnson,18621412
United States,4/9/2022,Moderna,212326438
United States,4/9/2022,Pfizer/BioNTech,333676070
United States,4/10/2022,Johnson&Johnson,18624625
United States,4/10/2022,Moderna,212514135
United States,4/10/2022,Pfizer/BioNTech,333920088
United States,4/11/2022,Johnson&Johnson,18627134
United States,4/11/2022,Moderna,212662875
United States,4/11/2022,Pfizer/BioNTech,334116607
United States,4/12/2022,Johnson&Johnson,18632236
United States,4/12/2022,Moderna,212902665
United States,4/12/2022,Pfizer/BioNTech,334457018
United States,4/13/2022,Johnson&Johnson,18638661
United States,4/13/2022,Moderna,213157104
United States,4/13/2022,Pfizer/BioNTech,334851638
United States,4/14/2022,Moderna,213420181
United States,4/14/2022,Pfizer/BioNTech,335211371
United States,4/15/2022,Johnson&Johnson,18640686
United States,4/15/2022,Moderna,213642288
United States,4/15/2022,Pfizer/BioNTech,335486821
United States,4/17/2022,Johnson&Johnson,18651114
United States,4/17/2022,Moderna,214090322
United States,4/17/2022,Pfizer/BioNTech,336110489
United States,4/18/2022,Johnson&Johnson,18652610
United States,4/18/2022,Moderna,214191561
United States,4/18/2022,Pfizer/BioNTech,336252416
United States,4/19/2022,Johnson&Johnson,18655717
United States,4/19/2022,Moderna,214389071
United States,4/19/2022,Pfizer/BioNTech,336519915
United States,4/20/2022,Johnson&Johnson,18658700
United States,4/20/2022,Moderna,214544808
United States,4/20/2022,Pfizer/BioNTech,336733418
United States,4/21/2022,Johnson&Johnson,18667082
United States,4/21/2022,Moderna,214838341
United States,4/21/2022,Pfizer/BioNTech,337149475
United States,4/23/2022,Johnson&Johnson,18675064
United States,4/23/2022,Moderna,215267780
United States,4/23/2022,Pfizer/BioNTech,337691560
United States,4/24/2022,Johnson&Johnson,18678603
United States,4/24/2022,Moderna,215441941
United States,4/24/2022,Pfizer/BioNTech,337925080
United States,4/25/2022,Johnson&Johnson,18680233
United States,4/25/2022,Moderna,215533577
United States,4/25/2022,Pfizer/BioNTech,338066044
United States,4/26/2022,Johnson&Johnson,18683465
United States,4/26/2022,Moderna,215886365
United States,4/26/2022,Pfizer/BioNTech,338462489
United States,4/27/2022,Johnson&Johnson,18687801
United States,4/27/2022,Moderna,216176131
United States,4/27/2022,Pfizer/BioNTech,338817094
United States,4/29/2022,Johnson&Johnson,18698642
United States,4/29/2022,Moderna,216613745
United States,4/29/2022,Pfizer/BioNTech,339391558
United States,4/30/2022,Johnson&Johnson,18703265
United States,4/30/2022,Moderna,216827616
United States,4/30/2022,Pfizer/BioNTech,339679887
United States,5/1/2022,Johnson&Johnson,18706597
United States,5/1/2022,Moderna,216993256
United States,5/1/2022,Pfizer/BioNTech,339892644
United States,5/2/2022,Johnson&Johnson,18710595
United States,5/2/2022,Moderna,217094546
United States,5/2/2022,Pfizer/BioNTech,340041803
United States,5/3/2022,Johnson&Johnson,18714926
United States,5/3/2022,Moderna,217319038
United States,5/3/2022,Pfizer/BioNTech,340349558
United States,5/4/2022,Johnson&Johnson,18719731
United States,5/4/2022,Moderna,217473916
United States,5/4/2022,Pfizer/BioNTech,340555503
United States,5/5/2022,Johnson&Johnson,18724225
United States,5/5/2022,Moderna,217673796
United States,5/5/2022,Pfizer/BioNTech,340886777
United States,5/6/2022,Johnson&Johnson,18726155
United States,5/6/2022,Moderna,217838273
United States,5/6/2022,Pfizer/BioNTech,341120660
United States,5/7/2022,Johnson&Johnson,18731178
United States,5/7/2022,Moderna,218042080
United States,5/7/2022,Pfizer/BioNTech,341391637
United States,5/8/2022,Johnson&Johnson,18734485
United States,5/8/2022,Moderna,218165790
United States,5/8/2022,Pfizer/BioNTech,341568304
United States,5/9/2022,Johnson&Johnson,18735773
United States,5/9/2022,Moderna,218252430
United States,5/9/2022,Pfizer/BioNTech,341692309
United States,5/10/2022,Johnson&Johnson,18738925
United States,5/10/2022,Moderna,218431517
United States,5/10/2022,Pfizer/BioNTech,341952524
United States,5/12/2022,Johnson&Johnson,18740901
United States,5/12/2022,Moderna,218799948
United States,5/12/2022,Pfizer/BioNTech,342409868
United States,5/13/2022,Johnson&Johnson,18741939
United States,5/13/2022,Moderna,218972615
United States,5/13/2022,Pfizer/BioNTech,342636566
United States,5/14/2022,Johnson&Johnson,18745199
United States,5/14/2022,Moderna,219173929
United States,5/14/2022,Pfizer/BioNTech,342891792
United States,5/15/2022,Johnson&Johnson,18746828
United States,5/15/2022,Moderna,219297720
United States,5/15/2022,Pfizer/BioNTech,343060118
United States,5/16/2022,Johnson&Johnson,18747590
United States,5/16/2022,Moderna,219366322
United States,5/16/2022,Pfizer/BioNTech,343161039
United States,5/17/2022,Johnson&Johnson,18750748
United States,5/17/2022,Moderna,219576781
United States,5/17/2022,Pfizer/BioNTech,343453572
United States,5/18/2022,Johnson&Johnson,18755312
United States,5/18/2022,Moderna,219744773
United States,5/18/2022,Pfizer/BioNTech,343689160
United States,5/19/2022,Moderna,219930777
United States,5/19/2022,Pfizer/BioNTech,343961862
United States,5/20/2022,Johnson&Johnson,18758947
United States,5/20/2022,Moderna,220048579
United States,5/20/2022,Pfizer/BioNTech,344101246
United States,5/21/2022,Johnson&Johnson,18763104
United States,5/21/2022,Moderna,220258769
United States,5/21/2022,Pfizer/BioNTech,344394956
United States,5/22/2022,Johnson&Johnson,18764904
United States,5/22/2022,Moderna,220380327
United States,5/22/2022,Pfizer/BioNTech,344563764
United States,5/23/2022,Johnson&Johnson,18765566
United States,5/23/2022,Moderna,220440746
United States,5/23/2022,Pfizer/BioNTech,344672021
United States,5/24/2022,Johnson&Johnson,18768404
United States,5/24/2022,Moderna,220671360
United States,5/24/2022,Pfizer/BioNTech,345017856
United States,5/25/2022,Johnson&Johnson,18771582
United States,5/25/2022,Moderna,220822817
United States,5/25/2022,Pfizer/BioNTech,345248627
United States,5/26/2022,Johnson&Johnson,18776774
United States,5/26/2022,Moderna,221058399
United States,5/26/2022,Pfizer/BioNTech,345599101
United States,5/27/2022,Johnson&Johnson,18780063
United States,5/27/2022,Moderna,221249107
United States,5/27/2022,Pfizer/BioNTech,345903502
United States,5/31/2022,Johnson&Johnson,18784785
United States,5/31/2022,Moderna,221575421
United States,5/31/2022,Pfizer/BioNTech,346423663
United States,6/1/2022,Moderna,221748670
United States,6/1/2022,Pfizer/BioNTech,346708234
United States,6/2/2022,Moderna,221900078
United States,6/2/2022,Pfizer/BioNTech,346954221
United States,6/3/2022,Johnson&Johnson,18786228
United States,6/3/2022,Moderna,221994751
United States,6/3/2022,Pfizer/BioNTech,347113595
United States,6/4/2022,Johnson&Johnson,18789206
United States,6/4/2022,Moderna,222147891
United States,6/4/2022,Pfizer/BioNTech,347357380
United States,6/5/2022,Johnson&Johnson,18790511
United States,6/5/2022,Moderna,222237499
United States,6/5/2022,Pfizer/BioNTech,347501597
United States,6/6/2022,Moderna,222279084
United States,6/6/2022,Pfizer/BioNTech,347580670
United States,6/7/2022,Moderna,222431598
United States,6/7/2022,Pfizer/BioNTech,347847846
United States,6/8/2022,Moderna,222506191
United States,6/8/2022,Pfizer/BioNTech,347972700
United States,6/9/2022,Johnson&Johnson,18791038
United States,6/9/2022,Moderna,222606034
United States,6/9/2022,Pfizer/BioNTech,348097820
United States,6/10/2022,Johnson&Johnson,18793348
United States,6/10/2022,Moderna,222742789
United States,6/10/2022,Pfizer/BioNTech,348322982
United States,6/11/2022,Johnson&Johnson,18796212
United States,6/11/2022,Moderna,222879133
United States,6/11/2022,Pfizer/BioNTech,348536648
United States,6/12/2022,Johnson&Johnson,18797670
United States,6/12/2022,Moderna,222954084
United States,6/12/2022,Pfizer/BioNTech,348663766
United States,6/13/2022,Johnson&Johnson,18798117
United States,6/13/2022,Moderna,222988591
United States,6/13/2022,Pfizer/BioNTech,348732741
United States,6/14/2022,Johnson&Johnson,18800097
United States,6/14/2022,Moderna,223098104
United States,6/14/2022,Pfizer/BioNTech,348923883
United States,6/15/2022,Johnson&Johnson,18808976
United States,6/15/2022,Moderna,223308265
United States,6/15/2022,Pfizer/BioNTech,349279465
United States,6/16/2022,Johnson&Johnson,18811735
United States,6/16/2022,Moderna,223409934
United States,6/16/2022,Pfizer/BioNTech,349460399
United States,6/22/2022,Moderna,223938249
United States,6/22/2022,Pfizer/BioNTech,350384148
United States,6/29/2022,Johnson&Johnson,18823432
United States,6/29/2022,Moderna,224756352
United States,6/29/2022,Pfizer/BioNTech,352049385
United States,7/6/2022,Moderna,225253126
United States,7/6/2022,Pfizer/BioNTech,352959331
United States,7/13/2022,Moderna,225820815
United States,7/13/2022,Pfizer/BioNTech,354009502
United States,7/20/2022,Moderna,226623424
United States,7/20/2022,Pfizer/BioNTech,355396322
United States,7/27/2022,Moderna,227455167
United States,7/27/2022,Pfizer/BioNTech,356743474
United States,8/3/2022,Johnson&Johnson,18832842
United States,8/3/2022,Moderna,227621032
United States,8/3/2022,Pfizer/BioNTech,357149149
United States,8/10/2022,Johnson&Johnson,18845464
United States,8/10/2022,Moderna,228323295
United States,8/10/2022,Pfizer/BioNTech,358354212
United States,8/17/2022,Johnson&Johnson,18856293
United States,8/17/2022,Moderna,228793653
United States,8/17/2022,Pfizer/BioNTech,359289983
United States,8/24/2022,Johnson&Johnson,18866547
United States,8/24/2022,Moderna,229236868
United States,8/24/2022,Pfizer/BioNTech,360175884
